condition,train_size,model,parameter_count,seed_count,fit_transition_count,positive_axis_nmse_mean,positive_axis_nmse_std,negative_axis_nmse_mean,negative_axis_nmse_std,positive_joint_nmse_mean,positive_joint_nmse_std,negative_joint_nmse_mean,negative_joint_nmse_std,mixed_joint_nmse_mean,mixed_joint_nmse_std,negative_axis_control_error_mean,negative_axis_control_error_std,positive_joint_control_error_mean,positive_joint_control_error_std,mixed_joint_control_error_mean,mixed_joint_control_error_std,negative_axis_control_success_mean,negative_axis_control_success_std,positive_joint_control_success_mean,positive_joint_control_success_std,mixed_joint_control_success_mean,mixed_joint_control_success_std
axis_only,200,corrected,5780,3,160,0.00021928660377549628,6.474679154337175e-05,0.0064888992346823215,0.0030809939505928355,0.001889860606752336,0.00011051880633072718,0.009204999388506016,0.002245891702117852,0.007175433759888013,0.0019543796958169128,0.009325337845439208,0.0022062281464599602,0.008321081706930675,0.0002610817792564409,0.008948613007507648,0.0008832540011256128,0.9114583333333334,0.07000640678352761,1.0,0.0,0.9739583333333334,0.03146626555623586
axis_only,200,first_order,5000,3,160,0.0004924975316195438,5.216084929374699e-05,0.02616807383795579,0.00010095165151636014,0.0014169656593973439,7.816974994834894e-05,0.031671397387981415,0.00033452291124314775,0.010080570665498575,0.00016759202433359798,0.013144641640489377,0.0003279086920760419,0.0081121142809732,0.00011484630134291075,0.00900445831939578,0.00019211308558346043,0.8072916666666666,0.011838699389744637,1.0,0.0,0.9921875,0.00562564296736794
axis_only,200,free,4868,3,160,0.0006187247927300632,5.2450357504064093e-05,0.035675399005413055,0.0027369657634367032,0.002529827800268928,0.00018976345720119207,0.04773235321044922,0.004231503030701644,0.012871702822546164,0.001360975583482213,0.016534926226490318,0.0016308995093908686,0.008899159288881088,0.00013702745361782284,0.009636178594923371,0.00027344042096969943,0.7022569444444445,0.04380026323452381,0.984375,0.0042525863589986035,0.9583333333333334,0.00736569563735987
axis_only,500,corrected,5780,3,400,0.00015657247665027776,3.1282447305231025e-05,0.004688828174645702,0.0011429299961179158,0.0018452795144791405,3.365692642436811e-05,0.00807261016840736,0.0009583069888196068,0.005961898093422254,0.0005494071129932375,0.007751243287202669,0.0013280029681550368,0.008121070935481435,0.00014811693696792355,0.00856516065565908,0.0004276322712529061,0.9296875,0.04056708835259693,1.0,0.0,0.9791666666666666,0.01948779888944761
axis_only,500,first_order,5000,3,400,0.00040136811245853704,2.1897236342790194e-06,0.026013746857643127,0.0001505208914277885,0.0013652200965831678,1.1134342755438729e-05,0.0314005563656489,0.00014669356984580326,0.010018136662741503,0.00014204896045351764,0.01321728615585016,0.0001863778139550551,0.008080293665342549,1.855730915487792e-05,0.008924373930413924,2.761511489633015e-05,0.796875,0.007666459085354013,1.0,0.0,0.9973958333333334,0.0021262931794993017
axis_only,500,free,4868,3,400,0.00042433099588379264,3.8109612597065375e-06,0.028065253049135208,0.0011294605704340328,0.001978702067087094,8.699416617869553e-05,0.03322698548436165,0.0006023030210337059,0.01306547193477551,0.0011521576310926833,0.01315705672621132,0.0009023451080208676,0.008432279691785678,0.00018633693110785277,0.009866333359241253,0.00034849868336295746,0.8012152777777778,0.028315115330382116,0.9982638888888888,0.002455231879119974,0.9409722222222222,0.007467296238752311
axis_only,1000,corrected,5780,3,800,0.00010882179291608433,2.3570636672270636e-05,0.0035272981816281876,0.0011775507131893004,0.0018916539459799726,9.758626021081838e-05,0.007583404115090768,0.0017256185650214961,0.005281363148242235,0.00034024118009277074,0.006603013757234697,0.0013125913915619464,0.008217044700157002,7.178200581164179e-05,0.008019599186001059,0.00013287932093921745,0.9678819444444445,0.021298340531918942,1.0,0.0,0.9930555555555555,0.004426232216660428
axis_only,1000,first_order,5000,3,800,0.00039432217211772996,4.030029461994044e-06,0.02594275337954362,0.0001764323396244742,0.0014218026772141457,2.6899285761578427e-05,0.03154032615323862,0.0003441516424728156,0.009898879565298557,5.276542525580162e-05,0.013015083080972545,0.00025163009240220484,0.008134971746282341,8.301297156726494e-05,0.008891779912826475,0.00014300164908933368,0.8081597222222222,0.003247966481574605,1.0,0.0,0.9982638888888888,0.002455231879119974
axis_only,1000,free,4868,3,800,0.00040726023144088686,5.067785148591393e-05,0.027621539309620857,0.0035055747164410658,0.0019307777984067798,4.521759805146989e-05,0.03613439326484998,0.00411034544959674,0.009946108485261599,0.0013405024858390584,0.013553526921694155,0.001203997463060233,0.008275760645725919,0.0001329085534359627,0.009408198047620114,0.00030649838930155935,0.787326388888889,0.029024745655035572,1.0,0.0,0.9826388888888888,0.014157557665191077
axis_only,2000,corrected,5780,3,1600,9.40008782587635e-05,1.6635389406009017e-05,0.0028913947753608227,0.0006493052958471899,0.0019532031922911606,6.548904592309705e-05,0.006313373024264972,0.0005751748149520376,0.005759703150639932,0.0001810779603188886,0.005605351114556672,0.000498539341395395,0.00814178697247472,9.28565168658558e-05,0.008010480279254908,0.00021093255133799204,0.9852430555555555,0.01567315111568386,1.0,0.0,0.9982638888888888,0.002455231879119974
axis_only,2000,first_order,5000,3,1600,0.00038178566804466146,2.942375986946395e-06,0.025925469274322193,9.47787764274525e-05,0.0013893658760935068,4.886874459059863e-05,0.03154020383954048,9.455394052724264e-05,0.009875171507398287,0.00021862018273188227,0.01308005009478721,0.00041850313129795615,0.008156185592168992,9.360031444487193e-05,0.008894724017914591,0.00010940987549618253,0.7977430555555555,0.01857720013804919,1.0,0.0,0.9982638888888888,0.002455231879119974
axis_only,2000,free,4868,3,1600,0.000388685545961683,2.997825420931305e-05,0.026797692601879437,0.002289827942861295,0.0017021949558208387,0.00019793318314797686,0.03355405293405056,0.004265444127070865,0.010128154108921686,0.0007404189511979139,0.013491596888747558,0.002449050114666224,0.008062554910591442,0.00023233221294582262,0.009433449197078718,0.000263979782373956,0.7578125,0.07266822755714011,1.0,0.0,0.9800347222222223,0.00859331157691983
axis_plus_10pct_joint,200,corrected,5780,3,160,0.00024212547092853734,1.7672998702122452e-05,0.005927881691604853,0.0008621769577036239,0.0003101289670060699,8.033590251535152e-05,0.005199133263279994,0.0008300444539726139,0.003294614997381965,0.0003312906082561541,0.008315850855878023,0.00083914785542891,0.007845214910856964,0.00012612653548774077,0.008001259167940589,0.00018583584010429627,0.9392361111111112,0.021298340531918935,1.0,0.0,0.9930555555555557,0.003247966481574605
axis_plus_10pct_joint,200,first_order,5000,3,160,0.0005933364348796507,7.878179064812788e-05,0.026527130976319313,0.000361739302013982,0.0012252375405902665,0.00013283882832213677,0.03354081263144811,0.000514934196113377,0.009313876430193583,0.00025356354047794923,0.013427208587624287,0.0002747706822414606,0.008378801268311994,0.00014007882263554098,0.00889813566674194,9.525166504880395e-05,0.8116319444444445,0.008593311576919817,1.0,0.0,0.998263888888889,0.001227615939559961
axis_plus_10pct_joint,200,free,4868,3,160,0.0006250160707471272,4.470830158438639e-05,0.028251773367325466,0.002174174921469105,0.0013522876348967354,0.00037443469721719846,0.032842034474015236,0.0019432852172602156,0.011126109398901463,0.001792251300411178,0.014491872756884225,0.00020185593131708874,0.00819078272858557,0.00010779907532084756,0.010107642013786567,0.00036197946433171534,0.7664930555555555,0.012276159395599767,1.0,0.0,0.9678819444444445,0.004426232216660428
axis_plus_10pct_joint,500,corrected,5780,3,400,0.00016082018555607647,2.2894082047413366e-05,0.004507679957896471,0.0008127125535842502,0.00017823350693409642,2.206384470293181e-05,0.004032910723860065,0.0006107757090048609,0.002282539460187157,0.000487430298077544,0.007114179440476517,0.00102712671157365,0.007628793761088875,8.003937342040613e-05,0.0076202733180252835,0.00013606654804673634,0.9505208333333334,0.029539408901342976,1.0,0.0,0.9991319444444445,0.0012276159395599607
axis_plus_10pct_joint,500,first_order,5000,3,400,0.00048005680825250846,1.9400245318583817e-05,0.026388688012957573,0.00013145157885318325,0.0011413343405971925,4.16503507292381e-05,0.03271074220538139,0.00019655537556257697,0.009563609957695007,0.00018942342132967986,0.013647040661453502,0.0002500027023027385,0.008204476714632215,6.78822466490655e-05,0.00900405793072423,8.04088208990595e-05,0.8003472222222222,0.007467296238752311,1.0,0.0,0.9939236111111112,0.0044262322166603914
axis_plus_10pct_joint,500,free,4868,3,400,0.0004800491830489288,7.080174831827512e-05,0.028688563033938408,0.004504833413732517,0.0011753448052331805,0.00016097953508029906,0.03416766785085201,0.006751139014809234,0.010608205571770668,0.0010184548296870133,0.01400315471962838,0.0010535651906738977,0.00815129765558393,0.0002224537416651661,0.009526426142353253,0.0004662025172566257,0.767361111111111,0.02389913176725034,1.0,0.0,0.984375,0.00562564296736794
axis_plus_10pct_joint,1000,corrected,5780,3,800,0.00012485311162890866,7.5932396916265135e-06,0.0035142661072313786,0.00035326262323083816,0.00012971792360379672,1.3705621129206455e-05,0.003260694599399964,0.0001501270012299522,0.001683634240180254,0.00027187497507914836,0.006224161129365611,0.0006227555403314791,0.007607235396183872,7.632617383732342e-05,0.007724576529047529,0.00016390562030696988,0.974826388888889,0.01567315111568386,1.0,0.0,0.9991319444444445,0.0012276159395599607
axis_plus_10pct_joint,1000,first_order,5000,3,800,0.0004453262663446367,8.840265053750664e-06,0.026376941551764805,0.0001144072983117764,0.001125597666638593,2.469250335331263e-05,0.03255284205079079,5.1004202425642154e-05,0.009645721564690271,0.00010756109439222805,0.013601697740846753,0.0003907753515111515,0.008158524891769048,0.00015305504743116978,0.008969839813491691,9.975252932089292e-05,0.810763888888889,0.01567315111568386,1.0,0.0,0.993923611111111,0.001227615939559961
axis_plus_10pct_joint,1000,free,4868,3,800,0.0004386156700396289,4.20693379344897e-05,0.02761406513551871,0.0023279251332693636,0.001055360403067122,7.160540666645056e-05,0.030889129266142845,0.001312898354621988,0.011818216803173224,0.001998279305563049,0.013116774416226286,0.0013512596721673993,0.008014020521336027,0.00020501183469040377,0.00946297181548693,0.0002716575716828589,0.7986111111111112,0.04910463758239917,1.0,0.0,0.9661458333333334,0.013943036809209199
axis_plus_10pct_joint,2000,corrected,5780,3,1600,9.866742523930346e-05,1.2294426018762586e-05,0.003378691617399454,0.0003504935607463521,0.00010244520187067489,6.744890829269961e-06,0.0029816061723977327,0.00020673552783816556,0.0017199911332378786,0.00025309173868034974,0.005870763403234175,0.0006794300579679001,0.007434351756981212,0.00011850467566034954,0.007606768824189203,0.00013724432937212312,0.9800347222222223,0.014934592477504576,1.0,0.0,0.9991319444444445,0.0012276159395599607
axis_plus_10pct_joint,2000,first_order,5000,3,1600,0.00041337747825309634,3.7890287040859412e-06,0.026449061930179596,0.00012823653880412593,0.0011061310845737655,2.399376015828031e-05,0.03244908278187116,0.00014384651337145984,0.009848203199605146,0.00013083997856901282,0.013402511916663369,0.0010493451588900967,0.008080530521207644,0.00026620208962210905,0.009012572161736898,0.00025131508342943426,0.8038194444444445,0.03534596019358044,1.0,0.0,0.9913194444444445,0.006495932963149201
axis_plus_10pct_joint,2000,free,4868,3,1600,0.0004108972110164662,5.989086555270193e-05,0.0274594488243262,0.0031182043937626916,0.0010666233332206805,5.0699762928247355e-05,0.03019331395626068,0.0022017159760844476,0.012359158135950565,0.002120240008050337,0.01391645621091205,0.0011642247152186987,0.008078560801449284,0.00024354219746799174,0.009560769918607548,0.00031246051518846044,0.7708333333333334,0.04419417382415922,1.0,0.0,0.959201388888889,0.019175973988172328

