condition,diagonal_fraction,seed,train_size,fit_transition_count,model,parameter_count,q_bin_coverage,observed_joint_action_count,best_epoch,validation_mse,positive_axis_nmse,negative_axis_nmse,positive_joint_nmse,negative_joint_nmse,mixed_joint_nmse,negative_axis_control_error,negative_axis_control_success,negative_axis_action_error,positive_joint_control_error,positive_joint_control_success,positive_joint_action_error,mixed_joint_control_error,mixed_joint_control_success,mixed_joint_action_error
axis_only,0.0,0,200,160,free,4868,0.4097222222222222,0,880,3.901451691490365e-06,0.0006896571139805019,0.0390772745013237,0.002549116499722004,0.05211609974503517,0.013472448103129864,0.018624151998665184,0.6458333333333334,0.021524363415664993,0.008918275404236434,0.9791666666666666,0.010454547275329525,0.009876572655533286,0.953125,0.010562396185549147
axis_only,0.0,0,200,160,first_order,5000,0.4097222222222222,0,899,2.2153358258947264e-06,0.0004544757248368114,0.0262883510440588,0.0013832136755809188,0.0320102833211422,0.009914047084748745,0.013482620641904456,0.8046875,0.0170724895967093,0.00794990232437461,1.0,0.009562609723173564,0.008802078763740914,1.0,0.009690536251540769
axis_only,0.0,0,200,160,corrected,5780,0.4097222222222222,0,899,1.2612511000043014e-06,0.00018344966520089656,0.0045991684310138226,0.0018724394030869007,0.007483971305191517,0.006507221609354019,0.007812268784012606,0.9583333333333334,0.008093904762063175,0.008290294928883668,1.0,0.009916686423971465,0.00853915317566134,0.9921875,0.009162310272605369
axis_only,0.0,0,500,400,free,4868,0.6875,0,899,3.578766836653813e-06,0.00042438978562131524,0.0264736395329237,0.0018782918341457844,0.03253353387117386,0.011471516452729702,0.011880948519925974,0.8411458333333334,0.014237178084537542,0.008459069639987623,1.0,0.00944672599305582,0.009401429126834651,0.9505208333333334,0.009989106699036288
axis_only,0.0,0,500,400,first_order,5000,0.6875,0,899,3.374839934622287e-06,0.00040056637953966856,0.025850810110569,0.0013494895538315177,0.03119310364127159,0.009885075502097607,0.013352537998192323,0.7864583333333334,0.017285307178099174,0.008054058215445062,1.0,0.009538147780945071,0.00895738184772199,0.9973958333333334,0.010088663839670631
axis_only,0.0,0,500,400,corrected,5780,0.6875,0,899,1.2417851849022554e-06,0.00012487184721976519,0.00307926326058805,0.0018226419342681766,0.006717719603329897,0.005226375535130501,0.005918989500059979,0.9869791666666666,0.005879587234327725,0.00811155856596694,1.0,0.009811815146112382,0.00822526582608892,1.0,0.008848077378381093
axis_only,0.0,0,1000,800,free,4868,0.8958333333333334,0,899,2.7007615699403686e-06,0.0003365720040164888,0.022763904184103012,0.0018764887936413288,0.03119061142206192,0.008445419371128082,0.01213161908708571,0.8255208333333334,0.01445494216507844,0.008416401673457585,1.0,0.009203108186534628,0.00898385059190332,0.9973958333333334,0.009476675802917995
axis_only,0.0,0,1000,800,first_order,5000,0.8958333333333334,0,899,3.33577213496028e-06,0.0003961516486015171,0.025948571041226387,0.0014403937384486198,0.03148213028907776,0.009945533238351345,0.013156648369961962,0.8125,0.016788833473886672,0.008032212698405298,1.0,0.009211672685568191,0.008690445679045903,1.0,0.009493917369092109
axis_only,0.0,0,1000,800,corrected,5780,0.8958333333333334,0,899,1.1630748986135586e-06,0.00012856996909249574,0.004383818246424198,0.001842675032094121,0.008562254719436169,0.005319261457771063,0.008279066566804735,0.9583333333333334,0.007624797093740199,0.008310552938686063,1.0,0.009616533366603812,0.008203726094507147,0.9947916666666666,0.008417747995272605
axis_only,0.0,0,2000,1600,free,4868,0.9861111111111112,0,840,3.1640781799069373e-06,0.0003948768717236817,0.026961088180541992,0.0017403953243047,0.03244945779442787,0.011159907095134258,0.010640758247366952,0.8411458333333334,0.01280305478576338,0.007742383153527044,1.0,0.009451001971177375,0.009636637680766095,0.9739583333333334,0.010777043833803545
axis_only,0.0,0,2000,1600,first_order,5000,0.9861111111111112,0,899,2.9556279059761437e-06,0.00038200890412554145,0.02583906799554825,0.0013285769382491708,0.03167300671339035,0.009577162563800812,0.012540114167374364,0.8229166666666666,0.016253956125486486,0.008048643064588154,1.0,0.009504971544298765,0.008745010331040248,1.0,0.009710322579179522
axis_only,0.0,0,2000,1600,corrected,5780,0.9861111111111112,0,899,8.608087682659971e-07,9.300706733483821e-05,0.002833555918186903,0.0020181082654744387,0.006227685604244471,0.005667412653565407,0.005226300798312877,0.9921875,0.004699881603301037,0.008012693654260753,1.0,0.010169126655604328,0.007734317018427343,1.0,0.008143631218019861
axis_only,0.0,1,200,160,free,4868,0.3958333333333333,0,860,5.535571290238295e-06,0.0006020473083481193,0.03237542882561684,0.002751994179561734,0.04201266169548035,0.014154905453324318,0.014644085493273451,0.7526041666666666,0.018083109311798278,0.0090566063663573,0.984375,0.010155371712693647,0.009778302965666322,0.953125,0.01098765301626687
axis_only,0.0,1,200,160,first_order,5000,0.3958333333333333,0,899,4.9918421609618235e-06,0.0005662522744387388,0.02604132518172264,0.0015250083524733782,0.03178783133625984,0.010017774067819118,0.01270067248333362,0.8229166666666666,0.016059618183741502,0.008186151295376476,1.0,0.009621903768607732,0.009262629124956826,0.9869791666666666,0.01037390527778607
axis_only,0.0,1,200,160,corrected,5780,0.3958333333333333,0,899,2.881056843762053e-06,0.00031017771107144654,0.010833834297955036,0.002033085096627474,0.012377350591123104,0.009832150302827358,0.012444948858804613,0.8125,0.011268282508050712,0.008655120155405408,1.0,0.009254253461485432,0.01017533285994432,0.9296875,0.009572758448180193
axis_only,0.0,1,500,400,free,4868,0.7291666666666666,0,899,3.505882887111511e-06,0.0004289687785785645,0.02874445542693138,0.0020904727280139923,0.033145345747470856,0.014155161567032337,0.01379414888227378,0.7786458333333334,0.015669348899488494,0.008645917538766904,0.9947916666666666,0.00979550859169478,0.009957099062982403,0.9401041666666666,0.010444679815007768
axis_only,0.0,1,500,400,first_order,5000,0.7291666666666666,0,899,3.277638143117656e-06,0.0003991785633843392,0.02597658336162567,0.0013724747113883495,0.03150529786944389,0.009954329580068588,0.013345581746155707,0.7994791666666666,0.01700605637112555,0.008093991442971552,1.0,0.009142858788541831,0.008889793746978588,1.0,0.009799236716828814
axis_only,0.0,1,500,400,corrected,5780,0.7291666666666666,0,899,1.330987288383767e-06,0.00014569846098311245,0.005365512799471617,0.0018203376093879342,0.008777112700045109,0.006112801842391491,0.00902447292476912,0.8984375,0.008047909815407669,0.007944608808126455,1.0,0.009362751223413863,0.00830191334777434,0.984375,0.008084137133993514
axis_only,0.0,1,1000,800,free,4868,0.9305555555555556,0,840,2.9026589345448883e-06,0.00043236970668658614,0.029192384332418442,0.0019871878903359175,0.03595832735300064,0.011699632741510868,0.013453279002836402,0.78125,0.01634204621708098,0.008313431341472702,1.0,0.009790366001364023,0.009543828835982518,0.9635416666666666,0.01014115853667071
axis_only,0.0,1,1000,800,first_order,5000,0.9305555555555556,0,899,2.7113233045383822e-06,0.00038873287849128246,0.026155870407819748,0.0013837645528838038,0.03198789805173874,0.009825116023421288,0.013227047685480406,0.8072916666666666,0.016461614790993433,0.008235515929603329,1.0,0.009271061392542778,0.008975936360608708,1.0,0.009854030061837037
axis_only,0.0,1,1000,800,corrected,5780,0.9305555555555556,0,899,1.004185378405964e-06,0.0001222043065354228,0.004335856065154076,0.0018044052412733436,0.009029961191117764,0.004846999887377024,0.0064559862500270055,0.9479166666666666,0.006044893433378699,0.008204512526087152,1.0,0.009473817301487131,0.00789500371562705,0.9869791666666666,0.007945016170350446
axis_only,0.0,1,2000,1600,free,4868,0.9791666666666666,0,899,2.6852681003219914e-06,0.0004219119728077203,0.029516877606511116,0.001923244446516037,0.03924209997057915,0.009767018258571625,0.016620339131501776,0.6640625,0.01974628681637114,0.008286554169899318,1.0,0.009518327175525742,0.009603081462652577,0.9921875,0.009845464893014461
axis_only,0.0,1,2000,1600,first_order,5000,0.9791666666666666,0,899,2.6237646579829743e-06,0.0003852725203614682,0.02587992511689663,0.001448234193958342,0.031460266560316086,0.009952865540981293,0.013559944717295972,0.7916666666666666,0.01698527254241829,0.008143117631940791,1.0,0.009094666136737168,0.008935740940311613,1.0,0.009697200985374665
axis_only,0.0,1,2000,1600,corrected,5780,0.9791666666666666,0,899,5.998955998620659e-07,7.414186256937683e-05,0.0021266599651426077,0.0019779670983552933,0.00565569382160902,0.005598977208137512,0.0052800434301995365,1.0,0.004636496429156978,0.008227182743818654,1.0,0.009260285888410559,0.008050893072019486,1.0,0.008200382370596877
axis_only,0.0,2,200,160,free,4868,0.3611111111111111,0,899,5.267489996185759e-06,0.0005644699558615685,0.03557349368929863,0.0022883727215230465,0.04906829819083214,0.010987754911184311,0.016336541187532323,0.7083333333333334,0.020493813055509236,0.008722596096049529,0.9895833333333334,0.010472563223636225,0.009253660163570506,0.96875,0.009519744180376877
axis_only,0.0,2,200,160,first_order,5000,0.3611111111111111,0,899,5.043155397288501e-06,0.00045676459558308125,0.026174545288085938,0.0013426749501377344,0.031216077506542206,0.01030989084392786,0.013250631796230058,0.7942708333333334,0.017589470495295245,0.008200289223168511,1.0,0.009783154646546147,0.008948667069489602,0.9895833333333334,0.010303305630401077
axis_only,0.0,2,200,160,corrected,5780,0.3611111111111111,0,899,2.2754506971978117e-06,0.00016423243505414575,0.004033694975078106,0.0017640573205426335,0.0077536762692034245,0.005186929367482662,0.0077187958935004035,0.9635416666666666,0.00786021183982181,0.008017830036502952,1.0,0.009778556317732424,0.008131352986917287,1.0,0.009252342248159132
axis_only,0.0,2,500,400,free,4868,0.6180555555555556,0,880,3.4785521165758837e-06,0.00041963442345149815,0.028977664187550545,0.0019673416391015053,0.03400207683444023,0.013569737784564495,0.013796072776434206,0.7838541666666666,0.015269893151222883,0.008191851896602506,1.0,0.009819626827028959,0.010240471887906702,0.9322916666666666,0.010982957455791212
axis_only,0.0,2,500,400,first_order,5000,0.6180555555555556,0,899,3.2451075639983173e-06,0.0004043593944516033,0.02621384710073471,0.001373696024529636,0.03150326758623123,0.010215004906058311,0.012953738723202454,0.8046875,0.016476442894296877,0.008092831337611036,1.0,0.009625071629058717,0.00892594619654119,0.9947916666666666,0.010079227118593258
axis_only,0.0,2,500,400,corrected,5780,0.6180555555555556,0,899,1.9546773728507105e-06,0.00019914712174795568,0.0056217084638774395,0.0018928589997813106,0.008722998201847076,0.00654651690274477,0.00831026743677891,0.9036458333333334,0.00719879730362057,0.00830704543235091,1.0,0.009550140899638206,0.00916830279311398,0.953125,0.008804094172701971
axis_only,0.0,2,1000,800,free,4868,0.8680555555555556,0,860,3.5734526591113536e-06,0.00045283898361958563,0.030908329412341118,0.001928656711243093,0.04125424101948738,0.009693273343145847,0.015075682675160351,0.7552083333333334,0.01770494306886879,0.008097448922247471,1.0,0.009282585544182867,0.009696914714974506,0.9869791666666666,0.01013987364059836
axis_only,0.0,2,1000,800,first_order,5000,0.8680555555555556,0,899,3.1525328267889563e-06,0.0003980819892603904,0.025723818689584732,0.0014412497403100133,0.031150950118899345,0.00992598943412304,0.012661553187475269,0.8046875,0.015497548891289625,0.008137186610838398,1.0,0.009149498875587069,0.009008957698824815,0.9947916666666666,0.009794339589503811
axis_only,0.0,2,1000,800,corrected,5780,0.8680555555555556,0,899,6.968696766307403e-07,7.569110312033445e-05,0.0018622202333062887,0.0020278815645724535,0.0051579964347183704,0.005677828099578619,0.005073988454872354,0.9973958333333334,0.00454152024758514,0.008136068635697788,1.0,0.009528521216682614,0.007960067747868985,0.9973958333333334,0.00863250576259269
axis_only,0.0,2,2000,1600,free,4868,1.0,0,860,2.528382083255565e-06,0.000349267793353647,0.023915112018585205,0.001442945096641779,0.02897060103714466,0.009457536973059177,0.013213693287373948,0.7682291666666666,0.015306344714190345,0.008158727408347962,1.0,0.00935293347292722,0.009060628447817484,0.9739583333333334,0.00931376272220213
axis_only,0.0,2,2000,1600,first_order,5000,1.0,0,899,2.7614296413958073e-06,0.0003780755796469748,0.026057414710521698,0.0013912864960730076,0.03148733824491501,0.010095486417412758,0.0131400913996913,0.7786458333333334,0.016430485503709253,0.008276796079978036,1.0,0.009459592143366953,0.009003420782391913,0.9947916666666666,0.010016187029565535
axis_only,0.0,2,2000,1600,corrected,5780,1.0,0,899,1.0457652024342678e-06,0.00011485370487207547,0.0037139684427529573,0.0018635342130437493,0.007056739646941423,0.006012719590216875,0.006309709115157602,0.9635416666666666,0.005735021540507053,0.008185484519344755,1.0,0.009480273604370124,0.008246230747317895,0.9947916666666666,0.008164469762977735
axis_plus_10pct_joint,0.1,0,200,160,free,4868,0.3263888888888889,28,899,5.926139692746801e-06,0.0005973626975901425,0.02586984448134899,0.001114196958951652,0.03232203423976898,0.008840278722345829,0.01475706455372953,0.7578125,0.017059806271087535,0.008224799261370208,1.0,0.009732685812547883,0.009618633309097882,0.9739583333333334,0.010782575461073052
axis_plus_10pct_joint,0.1,0,200,160,first_order,5000,0.3263888888888889,28,899,6.364942237269133e-06,0.0007046155515126884,0.02700882963836193,0.0011041421676054597,0.03426258638501167,0.009206414222717285,0.013555054672906408,0.8098958333333334,0.017214147170307115,0.008562917816258656,1.0,0.010212591918843071,0.009027460583941624,0.9973958333333334,0.01026919011539196
axis_plus_10pct_joint,0.1,0,200,160,corrected,5780,0.3263888888888889,28,899,2.265713874294306e-06,0.00025890523102134466,0.00512702576816082,0.00021778627706225961,0.00408557802438736,0.0031261069234460592,0.007246213327258981,0.9661458333333334,0.007646665268111974,0.00766847656389776,1.0,0.00889251342209583,0.007971218905974334,0.9973958333333334,0.008476778741855562
axis_plus_10pct_joint,0.1,0,500,400,free,4868,0.5902777777777778,57,899,4.012164026789833e-06,0.0004085097461938858,0.02413594350218773,0.0010406910441815853,0.028925610706210136,0.009190120734274387,0.012752996108853646,0.7994791666666666,0.015123724115255754,0.00796421302948147,1.0,0.009817865601953602,0.008990597755958637,0.9921875,0.009929437003054027
axis_plus_10pct_joint,0.1,0,500,400,first_order,5000,0.5902777777777778,57,899,4.637082383851521e-06,0.0005066548474133015,0.02636629529297352,0.0010966503759846091,0.0324518159031868,0.00950461532920599,0.0134934032291009,0.7994791666666666,0.017458515025888726,0.008223696723386334,1.0,0.009762103203971065,0.008919368376761364,1.0,0.010070302303610515
axis_plus_10pct_joint,0.1,0,500,400,corrected,5780,0.5902777777777778,57,899,1.5513044218096184e-06,0.00017039664089679718,0.00359195563942194,0.00017530019977129996,0.003173842327669263,0.0019643250852823257,0.0057180681033059955,0.9921875,0.005854910387521765,0.007546967128291726,1.0,0.008963065307890762,0.007527752700601316,1.0,0.007921137616535573
axis_plus_10pct_joint,0.1,0,1000,800,free,4868,0.7569444444444444,104,899,4.2113942981814034e-06,0.0003845882893074304,0.02497340552508831,0.0009648417471908033,0.02917119301855564,0.00991014949977398,0.012137833181138072,0.8333333333333334,0.014772911364464866,0.00785744438568751,1.0,0.009232292962545975,0.009078954111222023,0.984375,0.009994083844546545
axis_plus_10pct_joint,0.1,0,1000,800,first_order,5000,0.7569444444444444,104,899,4.994375558453612e-06,0.00045021597179584205,0.02651106007397175,0.0010913158766925335,0.03252922371029854,0.009744499810039997,0.01335785136082753,0.8177083333333334,0.0170667173564046,0.007975402637384832,1.0,0.009356538942168395,0.008899741375595719,0.9947916666666666,0.009973147684238825
axis_plus_10pct_joint,0.1,0,1000,800,corrected,5780,0.7569444444444444,104,899,1.3786402632831596e-06,0.0001238326949533075,0.0030167067889124155,0.00013472556020133197,0.0030506853945553303,0.001303088734857738,0.005436826983592861,0.9895833333333334,0.005375694386505832,0.007618235555128194,1.0,0.008969479109265821,0.007554111807015336,1.0,0.007837571533197278
axis_plus_10pct_joint,0.1,0,2000,1600,free,4868,1.0,192,899,4.0998979784490075e-06,0.0003996823215857148,0.026875454932451248,0.0010421095648780465,0.029693420976400375,0.011727679520845413,0.01235120417914004,0.8333333333333334,0.014802921716182027,0.007783818187211485,1.0,0.009276445109231611,0.009444322025956353,0.9609375,0.011011465465130243
axis_plus_10pct_joint,0.1,0,2000,1600,first_order,5000,1.0,192,899,4.24123845732538e-06,0.0004081299703102559,0.026381727308034897,0.001073179766535759,0.03229368478059769,0.009784774854779243,0.012026768540939278,0.84375,0.0158484532997439,0.007757074597369258,1.0,0.009087809862901594,0.008677100514129657,1.0,0.009788985873405969
axis_plus_10pct_joint,0.1,0,2000,1600,corrected,5780,1.0,192,899,8.247788514381682e-07,8.172995876520872e-05,0.0028905333019793034,9.291549940826371e-05,0.0027867236640304327,0.00136389525141567,0.0049663159261399414,0.9973958333333334,0.004297321271830394,0.007273550754083165,1.0,0.008830588455171609,0.007423855148469253,1.0,0.007741232821191008
axis_plus_10pct_joint,0.1,1,200,160,free,4868,0.3402777777777778,27,899,5.5802715905883815e-06,0.0005896013462916017,0.02775888331234455,0.0010617153020575643,0.030764998868107796,0.01132061518728733,0.014450784829023178,0.7578125,0.01697317630168982,0.008302472238331879,1.0,0.009439534722698383,0.010221010696113808,0.9661458333333334,0.010967770497371096
axis_plus_10pct_joint,0.1,1,200,160,first_order,5000,0.3402777777777778,27,899,5.722707101085689e-06,0.0005424481350928545,0.0261370912194252,0.001161402091383934,0.033096153289079666,0.009071329608559608,0.013681074666237691,0.8020833333333334,0.017075427475598797,0.008223426824163957,1.0,0.00921143529559032,0.008800829389656428,1.0,0.009733945790355072
axis_plus_10pct_joint,0.1,1,200,160,corrected,5780,0.3402777777777778,27,899,2.3243769646796864e-06,0.00021769401791971177,0.005532070994377136,0.000298981845844537,0.005434263963252306,0.0030002743005752563,0.00840551756421822,0.9140625,0.008075840247329324,0.007954429274832364,1.0,0.008717200031597837,0.007790169533109292,0.9921875,0.007774727920227075
axis_plus_10pct_joint,0.1,1,500,400,free,4868,0.4722222222222222,58,899,6.998932349233655e-06,0.00045514837256632745,0.02710540033876896,0.0010836971923708916,0.02987802028656006,0.011535541154444218,0.013926217641710537,0.7604166666666666,0.015141093579586595,0.008025801141532915,1.0,0.008897826630873974,0.01012703108669181,0.9791666666666666,0.009875753889640702
axis_plus_10pct_joint,0.1,1,500,400,first_order,5000,0.4722222222222222,58,899,5.391984814195894e-06,0.00047258552513085306,0.026240061968564987,0.0011304402723908424,0.0327526330947876,0.009366807527840137,0.013999628631305919,0.7916666666666666,0.017891243609483354,0.008113411553495098,1.0,0.00922810546142441,0.009112122775453221,0.9895833333333334,0.010085620273082728
axis_plus_10pct_joint,0.1,1,500,400,corrected,5780,0.4722222222222222,58,899,2.3300328848563368e-06,0.00018281678785569966,0.00556707289069891,0.00020660307200159878,0.0045403651893138885,0.0029712098184973,0.008159566036435232,0.9270833333333334,0.007254823775535139,0.007737440035270993,1.0,0.008775254773341658,0.007812653816169282,0.9973958333333334,0.007695040078111025
axis_plus_10pct_joint,0.1,1,1000,800,free,4868,0.7430555555555556,106,880,4.990019533579471e-06,0.00044405332300812006,0.027231737971305847,0.0010613033082336187,0.031138118356466293,0.010966941714286804,0.012184939438157016,0.8333333333333334,0.013948248725985954,0.007880984871007968,1.0,0.009407029170746739,0.009664704683624828,0.9635416666666666,0.010456462915546035
axis_plus_10pct_joint,0.1,1,1000,800,first_order,5000,0.7430555555555556,106,899,5.019191121391486e-06,0.00045284602674655616,0.02623150683939457,0.0011369810672476888,0.03250562772154808,0.009496151469647884,0.013294130220553294,0.8255208333333334,0.01689204378150559,0.00815014377925157,1.0,0.00960604089084023,0.008898867773192857,0.9947916666666666,0.009740634059260097
axis_plus_10pct_joint,0.1,1,1000,800,corrected,5780,0.7430555555555556,106,899,1.1153098284921725e-06,0.0001161056206910871,0.0037240872625261545,0.00011099810217274353,0.0033927042968571186,0.0018263376550748944,0.006276045520280604,0.9817708333333334,0.005757975122833159,0.007508741905136655,1.0,0.008971094226221036,0.007673779803250606,1.0,0.007890456053684373
axis_plus_10pct_joint,0.1,1,2000,1600,free,4868,0.9652777777777778,200,860,5.153318852535449e-06,0.0004892098368145525,0.03153681382536888,0.0011372326407581568,0.03310482203960419,0.015213411301374435,0.015141369847090877,0.7395833333333334,0.017763845932980377,0.008380250922831086,1.0,0.009649557271083105,0.009988151387612257,0.9348958333333334,0.01078122126201632
axis_plus_10pct_joint,0.1,1,2000,1600,first_order,5000,0.9652777777777778,200,899,4.649741640605498e-06,0.00041506162961013615,0.026336899027228355,0.0011155918473377824,0.03241308778524399,0.00972938071936369,0.013608527280666749,0.8098958333333334,0.017536491175026942,0.008075442633222943,1.0,0.009797077736674976,0.00907865668462667,0.984375,0.010097828162592314
axis_plus_10pct_joint,0.1,1,2000,1600,corrected,5780,0.9652777777777778,200,899,1.0953808669000864e-06,0.0001105377814383246,0.003548308042809367,0.00010756908886833116,0.0028903016354888678,0.0019293429795652628,0.0066039121787374215,0.9817708333333334,0.0065662853012327105,0.007473858306184411,1.0,0.00890853655978435,0.007754447982733836,1.0,0.007961631824096144
axis_plus_10pct_joint,0.1,2,200,160,free,4868,0.3055555555555556,19,899,4.747435468743788e-06,0.0006880841683596373,0.031126592308282852,0.0018809506436809897,0.03543907031416893,0.013217434287071228,0.01426776888789997,0.7838541666666666,0.01805990157542207,0.008045076686054623,1.0,0.009289850913030731,0.010483282036148012,0.9635416666666666,0.011011827372508248
axis_plus_10pct_joint,0.1,2,200,160,first_order,5000,0.3055555555555556,19,899,4.015972081106156e-06,0.0005329456180334091,0.026435472071170807,0.0014101683627814054,0.03326369822025299,0.009663885459303856,0.013045496423728764,0.8229166666666666,0.016046693626170356,0.008350059164513368,1.0,0.009171598467291256,0.008866117026627762,0.9973958333333334,0.009689068733785016
axis_plus_10pct_joint,0.1,2,200,160,corrected,5780,0.3055555555555556,19,899,1.989294787563267e-06,0.0002497771638445556,0.007124548312276602,0.0004136187781114131,0.006077557802200317,0.0037574637681245804,0.009295821676156871,0.9375,0.008810478679758186,0.007912738893840773,1.0,0.009143215484808764,0.00824238906473814,0.9895833333333334,0.008428801257718234
axis_plus_10pct_joint,0.1,2,500,400,free,4868,0.6458333333333334,47,899,6.0428696997405495e-06,0.0005764894303865731,0.034824345260858536,0.0014016461791470647,0.04369937255978584,0.011098954826593399,0.015330250408320959,0.7421875,0.01867811933091919,0.0084638787957374,1.0,0.009695887820004719,0.009461649584409315,0.9817708333333334,0.010360055210158656
axis_plus_10pct_joint,0.1,2,500,400,first_order,5000,0.6458333333333334,47,899,4.541387170320377e-06,0.0004609300522133708,0.026559706777334213,0.0011969123734161258,0.032927777618169785,0.009819407016038895,0.013448090123953685,0.8098958333333334,0.017102285872776218,0.008276321867015213,1.0,0.009486058454117806,0.008980682639958104,0.9921875,0.009929591277620156
axis_plus_10pct_joint,0.1,2,500,400,corrected,5780,0.6458333333333334,47,899,1.2840317822337965e-06,0.00012924712791573256,0.0043640113435685635,0.00015279724902939051,0.004384524654597044,0.001912083476781845,0.0074649041816883255,0.9322916666666666,0.006942903040908277,0.007601974119703907,1.0,0.00873627515114877,0.007520413437305251,1.0,0.007650429281672003
axis_plus_10pct_joint,0.1,2,1000,800,free,4868,0.875,106,899,5.017049261368811e-06,0.0004872053978033364,0.030637051910161972,0.0011399361537769437,0.0323580764234066,0.014577559195458889,0.015027550629383768,0.7291666666666666,0.01659364158452566,0.008303632307312606,1.0,0.009081869376662046,0.00964525665161394,0.9505208333333334,0.009768901371203342
axis_plus_10pct_joint,0.1,2,1000,800,first_order,5000,0.875,106,899,4.4043340494681615e-06,0.0004329168004915118,0.0263882577419281,0.0011484960559755564,0.03262367472052574,0.009696513414382935,0.014153111641159436,0.7890625,0.018361890247130457,0.008350028258670742,1.0,0.009837772212871687,0.0091109102916865,0.9921875,0.010117155356954094
axis_plus_10pct_joint,0.1,2,1000,800,corrected,5780,0.875,106,899,1.142257929132029e-06,0.00013462101924233139,0.0038020042702555656,0.00014343010843731463,0.003338694106787443,0.0019214763306081295,0.006959610884223366,0.953125,0.006370927527314052,0.0076947287282867665,1.0,0.008855467738008741,0.007945837976876646,0.9973958333333334,0.0076156219876688525
axis_plus_10pct_joint,0.1,2,2000,1600,free,4868,0.9791666666666666,196,880,3.3187018289027037e-06,0.0003437994746491313,0.023966077715158463,0.0010205277940258384,0.02778169885277748,0.010136383585631847,0.014256794606505233,0.7395833333333334,0.016906934800014522,0.00807161329430528,1.0,0.009239196362823868,0.009249836342254033,0.9817708333333334,0.009356289310614647
axis_plus_10pct_joint,0.1,2,2000,1600,first_order,5000,0.9791666666666666,196,899,3.849943368550157e-06,0.000416940834838897,0.026628559455275536,0.0011296216398477554,0.032640475779771805,0.010030454024672508,0.014572239928384079,0.7578125,0.018572534563039273,0.00840907433303073,1.0,0.01004950188082422,0.009281959286454367,0.9895833333333334,0.010510745392786375
axis_plus_10pct_joint,0.1,2,2000,1600,corrected,5780,0.9791666666666666,196,899,8.395761028623383e-07,0.00010373453551437706,0.003697233507409692,0.00010685101733542979,0.0032677932176738977,0.0018667351687327027,0.006042062104825163,0.9609375,0.005437365007916621,0.007555646210676059,1.0,0.008925469457548817,0.007642003341364519,0.9973958333333334,0.007529991607133003

